Epoch,TrainLoss,ValLoss,ValAccuracy,ValPrecision,ValRecall,ValF1
1,2.17668,1.82887,0.39950,0.42113,0.39950,0.38349
2,1.94355,1.65869,0.47810,0.48786,0.47810,0.46134
3,1.85934,1.55247,0.53100,0.52684,0.53100,0.52171
4,1.80454,1.52993,0.54370,0.55164,0.54370,0.53525
5,1.78926,1.51391,0.55020,0.55029,0.55020,0.54331
