Epoch,TrainLoss,ValLoss,ValAccuracy,ValPrecision,ValRecall,ValF1
1,2.16910,1.78736,0.43860,0.45196,0.43860,0.42715
2,1.92020,1.61989,0.50490,0.52525,0.50490,0.50389
3,1.81441,1.51830,0.54930,0.54773,0.54930,0.54188
4,1.76674,1.47028,0.57210,0.56990,0.57210,0.56511
5,1.76388,1.46578,0.57860,0.57223,0.57860,0.57216
